Nama Produk,Harga (Rp),Deskripsi,Kategori,Gambar,Slug
Memahami Surah Al-Ma'un,36750,Memahami Surah Al-Ma'un. Tujuh Pesan Penerang Hidup. Cetakan resmi Penerbit Qaf — 25% lebih murah dari harga retail. Ongkir ditanggung pembeli. Zah Bookstore.,surah,memahami-surah-al-maun.jpg,memahami-surah-al-maun
Ilmu Ikhlas,41250,Ilmu Ikhlas. Belajar Membeningkan Hati dan Membahagiakan Hidup dari Ulama Psikolog-Klasik. Cetakan resmi Penerbit Qaf — 25% lebih murah dari harga retail. Ongkir ditanggung pembeli. Zah Bookstore.,hati,ilmu-ikhlas.jpg,ilmu-ikhlas
Memahami Surah Al-Fatihah,37500,Memahami Surah Al-Fatihah. Makna dan Pesan yang Terukir dengan Beragam Manhaj Tafsir. Cetakan resmi Penerbit Qaf — 25% lebih murah dari harga retail. Ongkir ditanggung pembeli. Zah Bookstore.,surah,memahami-surah-al-fatihah.jpg,memahami-surah-al-fatihah
Rizqan Wasi'an Thayyiban,45000,Rizqan Wasi'an Thayyiban. Tuntunan Ulama Klasik untuk Meraih Rezeki yang Luas dan Hidup yang Lebih Puas. Cetakan resmi Penerbit Qaf — 25% lebih murah dari harga retail. Ongkir ditanggung pembeli. Zah Bookstore.,hati,rizqan-wasian-thayyiban.jpg,rizqan-wasian-thayyiban
Tafsir Bacaan Shalat,40500,Tafsir Bacaan Shalat. Hati Sejuk Ibadah Khusyuk. Cetakan resmi Penerbit Qaf — 25% lebih murah dari harga retail. Ongkir ditanggung pembeli. Zah Bookstore.,shalat,tafsir-bacaan-shalat.jpg,tafsir-bacaan-shalat
Memahami Surah Yasin,44250,Memahami Surah Yasin. Dengan Metode Tafsirul-Qur'an bil-Qur'an. Cetakan resmi Penerbit Qaf — 25% lebih murah dari harga retail. Ongkir ditanggung pembeli. Zah Bookstore.,surah,memahami-surah-yasin.jpg,memahami-surah-yasin
Tafsir Al-'Ashr,12000,Tafsir Al-'Ashr. Renungan Singkat tentang Waktu dan Kesempatan. Cetakan resmi Penerbit Qaf — 25% lebih murah dari harga retail. Ongkir ditanggung pembeli. Zah Bookstore.,surah,tafsir-al-ashr.jpg,tafsir-al-ashr
Tafsir Al-'Alaq,12000,Tafsir Al-'Alaq. Dari Bacaan Pertama hingga Makna Menuntut Ilmu. Cetakan resmi Penerbit Qaf — 25% lebih murah dari harga retail. Ongkir ditanggung pembeli. Zah Bookstore.,surah,tafsir-al-alaq.jpg,tafsir-al-alaq
Tafsir Asmaul Husna,74250,Tafsir Asmaul Husna. Memahami Nama Indah Allah dalam Al-Qur'an. Cetakan resmi Penerbit Qaf — 25% lebih murah dari harga retail. Ongkir ditanggung pembeli. Zah Bookstore.,hati,tafsir-asmaulhusna.jpg,tafsir-asmaulhusna
Ramadan in Sydney,56250,Ramadan in Sydney. Catatan Ibadah dan Kerinduan di Negeri Seberang. Cetakan resmi Penerbit Qaf — 25% lebih murah dari harga retail. Ongkir ditanggung pembeli. Zah Bookstore.,hati,ramadan-in-sydney.jpg,ramadan-in-sydney
Cerah Mentari Di Ufuk Sydney,75000,Cerah Mentari Di Ufuk Sydney. Kumpulan Renungan dan Tadabur Perantau. Cetakan resmi Penerbit Qaf — 25% lebih murah dari harga retail. Ongkir ditanggung pembeli. Zah Bookstore.,hati,cerah-mentari-di-ufuk-sydney.jpg,cerah-mentari-di-ufuk-sydney
Tafsir Al-Qur'an Bi Al-Qur'an,120000,Tafsir Al-Qur'an Bi Al-Qur'an. Menafsirkan Al-Qur'an dengan Al-Qur'an. Cetakan resmi Penerbit Qaf — 25% lebih murah dari harga retail. Ongkir ditanggung pembeli. Zah Bookstore.,surah,tafsir-al-quran-bi-al-quran.jpg,tafsir-al-quran-bi-al-quran
